{"hidden_sizes": [1024, 512], "activation": "tanh", "learning_rate": 0.007664295884102199, "reg_strength": 0.015205111366107154}